model,family,sigma,pairs,observed_total,predicted_total,MAE,RMSE,Pearson_log,Spearman_log,R2_log,Median_abs_log_ratio,Mean_abs_log_ratio,zero_pred_share,zero_pred_observed_total,median_improvement_abs_log,mean_improvement_abs_log,share_better_abs_log,R2_log_gain_vs_RM,R2_log_model,R2_log_RM,p10_improvement_abs_log,p90_improvement_abs_log,label,median_improvement_ci_low,median_improvement_ci_high,share_better_ci_low,share_better_ci_high,R2_log_gain_ci_low,R2_log_gain_ci_high
gdp_ferm_log_rank,traditional,5.0,2070,5751056.0,5751056.0,3870.1639938567355,15831.076551497168,0.7053341389543231,0.7093835718799686,-0.23674473830999077,0.876534562198008,0.923577230721482,0.003864734299516908,95.0,0.05635046675039701,0.11388833088652354,0.6710144927536232,0.29942075772143517,-0.23674473830999077,-0.5361654960314259,-0.2314306032689856,0.526256515067524,Node GDP per capita (log rank),0.047781389568735566,0.06116972129088161,0.659903381642512,0.6811594202898551,0.2831267396354338,0.3174471363692689
gdp_ferm,traditional,8.0,2070,5751056.0,5751056.0,3835.7384253515424,15575.106355000875,0.7098813662718723,0.7127026213335447,-0.21472415806506473,0.8641037678721267,0.9155451051575128,0.002898550724637681,73.0,0.05523968615758312,0.12192045645049263,0.6719806763285024,0.3214413379663612,-0.21472415806506473,-0.5361654960314259,-0.2326363368661706,0.5633471185920658,Node GDP per capita (log z-score),0.04804640609798379,0.06186683334986709,0.6628019323671498,0.6830917874396135,0.3062477053965776,0.3414746849796838
gdp_ferm,traditional,5.0,2070,5751056.0,5751056.0,3859.2947785100173,15578.822823505241,0.7160240306685103,0.720820824479761,-0.18002703585461055,0.8480922861009028,0.9032641992739212,0.006280193236714976,237.0,0.050935364895410284,0.13420136233408425,0.6178743961352657,0.3561384601768154,-0.18002703585461055,-0.5361654960314259,-0.41484269591398176,0.768739139946744,Node GDP per capita (log z-score),0.04354132078286642,0.059509757586487466,0.6067632850241546,0.6270531400966184,0.33130862483993806,0.3798888068784074
gdp_ferm_log_minmax,traditional,5.0,2070,5751056.0,5751056.0,3835.461301650844,15650.953573140983,0.7063148184002698,0.7092254008372811,-0.23707421619139946,0.8803811619455697,0.9243665364957359,0.0014492753623188406,27.0,0.05007593835274127,0.1130990251122695,0.6772946859903382,0.2990912798400265,-0.23707421619139946,-0.5361654960314259,-0.20409390947553946,0.5072922442261287,Node GDP per capita (log min-max),0.04411585568597076,0.05514496038871086,0.6666666666666666,0.68743961352657,0.27991154488689657,0.3158210004351014
rel_scaled_sci_2021,relational,5.0,2070,5751056.0,5751056.0,3848.8940325855383,16200.019584430625,0.677267151157488,0.6747224626596394,-0.28805421404537257,0.9112669506705923,0.9505043137077321,0.004347826086956522,149.0,0.04557684745989343,0.08696124790027324,0.7125603864734299,0.24811128198605337,-0.28805421404537257,-0.5361654960314259,-0.23616974650774653,0.39871585697725365,Corridor Social Connectedness (min-max),0.03833724412791256,0.05036970420181973,0.7033816425120772,0.721256038647343,0.2347375446064305,0.26296401726769775
gdp_ferm_log_rank,traditional,8.0,2070,5751056.0,5751056.000000001,3866.0414569913196,16086.716142218074,0.6934406278327613,0.6968859312995397,-0.3203413582177277,0.9073082895963387,0.9565562143499383,0.004830917874396135,139.0,0.04206321337843928,0.08090934725806714,0.6980676328502415,0.21582413781369825,-0.3203413582177277,-0.5361654960314259,-0.14416034960737772,0.3490893173269275,Node GDP per capita (log rank),0.03753657635391825,0.04750422326901406,0.6884057971014492,0.7086956521739131,0.2050117326977175,0.22684261088717989
gdp_ferm_log_minmax,traditional,8.0,2070,5751056.0,5751056.0,3846.8213300008583,15986.548680710157,0.6935741860792966,0.6962740987904662,-0.323188377681638,0.9045939409341689,0.958375896402709,0.003381642512077295,139.0,0.03715552932897126,0.07908966520529648,0.6917874396135266,0.21297711834978794,-0.323188377681638,-0.5361654960314259,-0.1237875898556002,0.33834650581098563,Node GDP per capita (log min-max),0.033810061423528805,0.041531106228108294,0.6811594202898551,0.702415458937198,0.20213653980741153,0.2242828050449904
rel_scaled_sci_2021,relational,8.0,2070,5751056.0,5751056.0,3875.7853817012656,16352.34512866188,0.6751630099254323,0.6741574646497728,-0.3571142411352062,0.9273294513513299,0.9736461135522536,0.003381642512077295,114.0,0.032665445111821095,0.06381944805575185,0.729951690821256,0.17905125489621976,-0.3571142411352062,-0.5361654960314259,-0.13804074530531965,0.2636261578981165,Corridor Social Connectedness (min-max),0.02906541978010102,0.03741745716498816,0.7217391304347827,0.7405797101449275,0.16962060002919147,0.1884845930227184
rel_comrelig,relational,8.0,2070,5751056.0,5751056.0,3942.8501275827584,16770.18310198234,0.6746144089719193,0.6748831802838957,-0.4264289660191096,0.9548017465615847,0.9972913213826939,0.007246376811594203,172.0,0.0238985754668693,0.040174240225311436,0.6236714975845411,0.10973653001231631,-0.4264289660191096,-0.5361654960314259,-0.23641716513471425,0.28869161182421743,Corridor Common Religion (min-max),0.019762730168698228,0.027300242493705128,0.6130434782608696,0.6342995169082125,0.09845306911412259,0.12066902825376195
rel_comrelig,relational,5.0,2070,5751056.0,5751056.000000001,3953.627042203644,16739.146543459552,0.6695568236148655,0.6673969868027491,-0.4310405109170088,0.9594675691057335,1.0007721522597157,0.00676328502415459,369.0,0.022155406657935695,0.036693409348289574,0.5980676328502416,0.10512498511441715,-0.4310405109170088,-0.5361654960314259,-0.4281601407921602,0.4442635545840741,Corridor Common Religion (min-max),0.016695171983062362,0.02689255579904326,0.5884057971014492,0.6086956521739131,0.08937772049503247,0.1223779525602785
rel_comrelig_log_minmax,relational,8.0,2070,5751056.0,5751056.0,3944.986798038879,16800.100810638258,0.6744035047499194,0.6742078969121055,-0.43507222709845306,0.9613542823011447,1.0009749338187053,0.007729468599033816,251.0,0.02189502424352613,0.03649062778930015,0.6275362318840579,0.10109326893297288,-0.43507222709845306,-0.5361654960314259,-0.2527222305950247,0.28877912330213223,Corridor Common Religion (log min-max),0.018150353642970407,0.024443360384733402,0.6178743961352657,0.6371980676328503,0.09098690416656643,0.11001731328327505
gdp_ferm_log_minmax,traditional,2.0,2070,5751056.0,5751056.0,3946.409120908193,16331.319196310227,0.702038154301249,0.7086277821288023,-0.2845230772275875,0.9103062824126336,0.9541675595233411,0.014009661835748793,499.0,0.018461002458053356,0.08329800208466447,0.5560386473429951,0.2516424188038384,-0.2845230772275875,-0.5361654960314259,-0.6277067753741952,0.8655328990043355,Node GDP per capita (log min-max),0.013063828667150742,0.025117196498821694,0.5458164251207729,0.5666666666666667,0.2246265392880927,0.2796412574668984
rel_scaled_sci_2021,relational,2.0,2070,5751056.0,5751056.0,4030.245499155976,17111.82648406697,0.6453366457673623,0.6461813244973403,-0.3094762814459344,0.9182130841466798,0.964893479098798,0.004830917874396135,187.0,0.017650812673913996,0.0725720825092076,0.6144927536231884,0.22668921458549152,-0.3094762814459344,-0.5361654960314259,-0.5162240729170823,0.6761239446561863,Corridor Social Connectedness (min-max),0.012646803457810498,0.02323538140815,0.6028985507246377,0.6241545893719807,0.19814319324058577,0.25411302172555283
rel_comrelig_log_minmax,relational,5.0,2070,5751056.0,5751056.0,3956.8150570725365,16787.79424008131,0.6689414979258241,0.6667160775618567,-0.44658483986900377,0.9721782782406447,1.0068098675249608,0.008695652173913044,622.0,0.01691080520110716,0.030655694083044426,0.5859903381642512,0.08958065616242217,-0.44658483986900377,-0.5361654960314259,-0.43505777955599867,0.44093018213691754,Corridor Common Religion (log min-max),0.013406178592086544,0.022074089461862068,0.5758454106280193,0.5961352657004831,0.07125966666128931,0.10791119088949559
gdp_ferm_log_rank,traditional,2.0,2070,5751056.0,5751056.0,4026.8974180058894,16881.226476863292,0.6902560514217109,0.6991429804991689,-0.3396296284137408,0.9378386289146688,0.9760320234563286,0.015458937198067632,569.0,0.009984958994446846,0.06143353815167687,0.5362318840579711,0.19653586761768516,-0.3396296284137408,-0.5361654960314259,-0.7018530750488243,0.8402486598223317,Node GDP per capita (log rank),0.005991245925681396,0.017474254809013073,0.5256038647342995,0.5469371980676329,0.16646179046647017,0.22842090507100332
abel_option_b_log_ratio_rank,relational,8.0,2070,5751056.0,5751056.0,3979.893213087143,17001.058119550584,0.6668796330664608,0.6656122200933031,-0.5220764428578815,0.9830033336395944,1.0323517447030828,0.015458937198067632,689.0,0.0029384542470076783,0.00511381690492257,0.5367149758454106,0.014089053173544475,-0.5220764428578815,-0.5361654960314259,-0.2489923208232521,0.25160093515720583,Corridor Migration Stock (log-ratio rank),0.0015735686175326704,0.005022444510458427,0.5251207729468599,0.5483091787439613,0.00310197845187103,0.026723832864713408
abel_option_b_log_ratio_minmax,relational,8.0,2070,5751056.0,5751056.0,3968.1732952467555,16915.445353830288,0.6658192200130252,0.665390235534516,-0.5132680221026014,0.9899548630942204,1.0286787141602807,0.011111111111111112,407.0,0.002024824896567634,0.00878684744772505,0.5357487922705314,0.022897473928824574,-0.5132680221026014,-0.5361654960314259,-0.14221380797036925,0.17223731586969016,Corridor Migration Stock (log-ratio min-max),0.0010087208329294661,0.002898914132522634,0.5241545893719807,0.5458937198067633,0.015682562127023826,0.02962959084625235
rel_scaled_sci_2021_log_minmax,relational,8.0,2070,5751056.0,5751056.0,3915.7257471420553,16652.274171668603,0.6773672997129497,0.6793984871750322,-0.5073213163893988,0.998273723734538,1.033182155162148,0.00821256038647343,411.0,0.0008203838519439482,0.0042834064458573086,0.5328502415458937,0.028844179642027123,-0.5073213163893988,-0.5361654960314259,-0.1354863012627119,0.14615165160715035,Corridor Social Connectedness (log min-max),0.0004667812013321937,0.0011421099376319591,0.5227053140096618,0.5444444444444444,0.022898619790735496,0.035297913763919456
rel_diplo_disagreement_log_rank,relational,8.0,2070,5751056.0,5751056.0,4003.598166444058,17758.081552642394,0.6542392142699747,0.6601039011724111,-0.5399839118702585,0.9982203438026042,1.03531919705699,0.010144927536231883,336.0,0.0004307160432895918,0.002146364551015559,0.5144927536231884,-0.0038184158388325784,-0.5399839118702585,-0.5361654960314259,-0.19661575769267792,0.18696327509789332,Corridor Diplomatic Disagreement (log rank),7.964240143647717e-05,0.000845661986756423,0.5053140096618357,0.5265700483091788,-0.011406837451382339,0.0033214997187286915
rel_scaled_sci_2021_log_minmax,relational,5.0,2070,5751056.0,5751056.0,3910.2411686632163,16768.929775942634,0.6840964539375969,0.6854187611761976,-0.5080951033566532,1.0123267168175873,1.037721714212246,0.012077294685990338,466.0,0.00036804505635334994,-0.0002561526042404982,0.5207729468599034,0.028070392674772737,-0.5080951033566532,-0.5361654960314259,-0.23166038675252087,0.22093389125636703,Corridor Social Connectedness (log min-max),0.00016214515762724702,0.0007685682004240982,0.5106280193236715,0.5333333333333333,0.018859595112571546,0.039511630114138156
abel_option_b_log_ratio_minmax,relational,5.0,2070,5751056.0,5751056.0,3996.9363318848486,17068.4844464156,0.6647969431462902,0.6629596261814518,-0.5322188488631268,0.9921349706234077,1.0362990932251568,0.012560386473429951,398.0,0.00013534421059629986,0.0011664683828484827,0.5043478260869565,0.003946647168299178,-0.5322188488631268,-0.5361654960314259,-0.24506002249599962,0.2556712714213513,Corridor Migration Stock (log-ratio min-max),-0.000233007290615177,0.0006408359815919251,0.4946086956521739,0.5159420289855072,-0.007081754639860253,0.013646896364553034
rel_diplo_disagreement_log_rank,relational,5.0,2070,5751056.0,5751056.0,4065.5351049470855,18659.29387869756,0.6445195422115304,0.6517480740279749,-0.5788331627622776,1.0208383914902819,1.049054965996755,0.014009661835748793,560.0,-0.0003435791423742618,-0.011589404388749383,0.4855072463768116,-0.04266766673085165,-0.5788331627622776,-0.5361654960314259,-0.3203908489396725,0.2744346484369438,Corridor Diplomatic Disagreement (log rank),-0.0007671776352012304,-0.00010936334772043699,0.47391304347826085,0.4956521739130435,-0.0557227836418508,-0.03210665107468133
abel_option_b_log_ratio_rank,relational,5.0,2070,5751056.0,5751056.0,4035.9578573934673,17343.248548864,0.661629304308118,0.658811549682075,-0.5926297381457775,1.0066620758116487,1.061294737839935,0.014492753623188406,757.0,-0.0003637347256409962,-0.023829176231929858,0.49178743961352656,-0.056464242114351526,-0.5926297381457775,-0.5361654960314259,-0.4450268127074589,0.34262910418746284,Corridor Migration Stock (log-ratio rank),-0.0008806610657761582,3.680988858770218e-05,0.4797101449275362,0.5024927536231883,-0.07595255592933667,-0.03961559354381192
rel_comrelig,relational,2.0,2070,5751056.0,5751056.0,4081.3789114545507,18160.735727065705,0.5863291528673016,0.5564216698425593,-0.7137639937645295,1.0276682329999842,1.0872090746837004,0.0821256038647343,79196.0,-0.0005262801090913927,-0.04974351307569513,0.4932367149758454,-0.17759849773310354,-0.7137639937645295,-0.5361654960314259,-1.0145509975327662,0.8959298033077568,Corridor Common Religion (min-max),-0.0020450269535421395,0.000271659377734199,0.48357487922705317,0.5057971014492754,-0.21863475203728977,-0.12990909101369608
rel_scaled_sci_2021_log_rank,relational,8.0,2070,5751056.0,5751056.0,3925.860485337782,16933.55080708143,0.677700161873033,0.6824190788715429,-0.5465857703808514,1.0223268595644472,1.048873101934419,0.018357487922705314,1025.0,-0.0006000356170313692,-0.011407540326413694,0.4623188405797101,-0.010420274349425496,-0.5465857703808514,-0.5361654960314259,-0.20781285697541096,0.18212483285741907,Corridor Social Connectedness (log rank),-0.0010300972837843413,-0.0003883033398971048,0.45169082125603865,0.47342995169082125,-0.01773298884080462,-0.0017556009668700597
abel_option_b,relational,8.0,2070,5751056.0,5751056.0,4069.0666614902607,17443.017522579987,0.6584346243816909,0.6531525294147247,-0.5911271418512314,1.0047544567851594,1.0603087240427873,0.015458937198067632,1046.0,-0.0015763651545398494,-0.022843162434781853,0.46859903381642515,-0.05496164581980545,-0.5911271418512314,-0.5361654960314259,-0.4363573848682572,0.38022774753784966,Corridor Migration Stock (log-ratio z-score),-0.0031481347205735144,-0.0008752214254010848,0.45652173913043476,0.478743961352657,-0.07514398592010578,-0.03772520736007188
rel_scaled_sci_2021_log_rank,relational,5.0,2070,5751056.0,5751056.0,3937.621878417277,17312.182920213534,0.6827206223372964,0.6878453312310924,-0.5865032920477253,1.042695355841111,1.0686096032415335,0.018357487922705314,682.0,-0.002107989433378754,-0.031144041633527953,0.4241545893719807,-0.050337796016299396,-0.5865032920477253,-0.5361654960314259,-0.33505747957524395,0.2503005828869933,Corridor Social Connectedness (log rank),-0.003007041226957376,-0.0015515472138965352,0.41352657004830917,0.4353429951690821,-0.0630642374997237,-0.03860196990081377
rel_diplo_disagreement_row_log_zscore,relational,8.0,2070,5751056.0,5751056.0,4103.888222153124,19017.881783288525,0.6393927781764954,0.6466163111725766,-0.6804720007443563,1.0724180143694289,1.0963167262489193,0.017391304347826087,613.0,-0.0023870281740936417,-0.05885116464091369,0.4439613526570048,-0.14430650471293038,-0.6804720007443563,-0.5361654960314259,-0.4293230859709629,0.23485693434817034,Corridor Diplomatic Disagreement (origin log-zscore),-0.003195740405162545,-0.0015665948900865936,0.4318840579710145,0.45555555555555555,-0.1625676956536436,-0.12923722325189727
rel_comrelig_log_minmax,relational,2.0,2070,5751056.0,5751056.0,4100.286243728104,18338.933729437802,0.5855680094713616,0.5562339411010172,-0.7442578874740311,1.0391453506415897,1.099484932659848,0.08454106280193237,104546.0,-0.003249101641590757,-0.06201937105184252,0.4792270531400966,-0.20809239144260516,-0.7442578874740311,-0.5361654960314259,-1.0145312159815505,0.8694089502533305,Corridor Common Religion (log min-max),-0.006679614305230972,-0.0006403166058360206,0.46908212560386475,0.48985507246376814,-0.2524877485568877,-0.163321623348003
rel_comrelig_log_rank,relational,8.0,2070,5751056.0,5751056.0,4008.7861784807037,17358.79491462605,0.6624093927924486,0.6651091530652972,-0.5927029537280104,1.0436095439638118,1.0585223509225312,0.00966183574879227,482.0,-0.004190316881039324,-0.021056789314525662,0.4429951690821256,-0.05653745769658447,-0.5927029537280104,-0.5361654960314259,-0.23946244607319359,0.18403043008955136,Corridor Common Religion (log rank),-0.0053557384466690295,-0.0026012333118302167,0.4323671497584541,0.45410628019323673,-0.06392540771402713,-0.04847352075024853
rel_scaled_sci_2021_row_log_zscore,relational,8.0,2070,5751056.0,5751055.999999999,3911.8985817481785,17302.85251354794,0.6978202822567068,0.701668465874153,-0.5865987116191134,1.0849192414356916,1.0802295458208069,0.018357487922705314,631.0,-0.004292274398788903,-0.04276398421280148,0.40144927536231884,-0.05043321558768743,-0.5865987116191134,-0.5361654960314259,-0.3800834542481139,0.25469153696714913,Corridor Social Connectedness (origin log-zscore),-0.005411274685496341,-0.003336471860279487,0.39082125603864737,0.4101449275362319,-0.06484151612404561,-0.038355636637415085
rel_scaled_sci_2021_log_minmax,relational,2.0,2070,5751056.0,5751056.0,3927.8230175434605,18688.622971659446,0.692063870405703,0.6913221116976342,-0.6704108982043817,1.10736189571002,1.1111235511659991,0.03961352657004831,1627.0,-0.0059949796103813124,-0.07365798955799364,0.3884057971014493,-0.13424540217295577,-0.6704108982043817,-0.5361654960314259,-0.5929171096254213,0.367917303814469,Corridor Social Connectedness (log min-max),-0.00691798295350865,-0.00484397790879044,0.37874396135265703,0.39806763285024155,-0.15783040873543083,-0.10927029152387788
rel_diplo_disagreement_row_log_zscore,relational,5.0,2070,5751056.0,5751056.0,4233.655008710645,20739.476868794907,0.6073974084455349,0.6147921247106,-0.8781162083926446,1.1253755434490365,1.1616783951877774,0.030917874396135265,1670.0,-0.007562803910716398,-0.12421283357977177,0.41207729468599036,-0.34195071236121866,-0.8781162083926446,-0.5361654960314259,-0.7105022397043355,0.29976679921255656,Corridor Diplomatic Disagreement (origin log-zscore),-0.00992151980467285,-0.00528388681181288,0.40241545893719805,0.4236714975845411,-0.3709933749137104,-0.3108361631606996
rel_comrelig_log_rank,relational,5.0,2070,5751056.0,5751056.0,4067.298501297862,17684.96253909462,0.6572591405532027,0.6604962708248351,-0.6477543491226332,1.0666055653906614,1.0795188746727098,0.01642512077294686,612.0,-0.008782555015402871,-0.04205331306470421,0.41545893719806765,-0.11158885309120725,-0.6477543491226332,-0.5361654960314259,-0.3689869303580045,0.26911643915715844,Corridor Common Religion (log rank),-0.011726999334698111,-0.006544365015606121,0.4057971014492754,0.427536231884058,-0.12345143512062828,-0.09963273926683797
rel_comrelig_row_log_zscore,relational,8.0,2070,5751056.0,5751056.0,4126.157455683234,18309.516150442218,0.6343977572981384,0.6388523829606108,-0.8136561259581148,1.1137039662168626,1.138574970029642,0.03140096618357488,1870.0,-0.021758896366415148,-0.10110940842163653,0.3676328502415459,-0.2774906299266888,-0.8136561259581148,-0.5361654960314259,-0.4413823976016332,0.3088795942528331,Corridor Common Religion (origin log-zscore),-0.026544866060221564,-0.01865464237083725,0.3570048309178744,0.37729468599033816,-0.3084678041228057,-0.24940110895873185
rel_diplo_disagreement_log_minmax,relational,8.0,2070,5751056.0,5751056.0,4042.1786800619907,17860.07699669584,0.6506208141583077,0.6589176239168867,-0.681936240739329,1.0687349811132676,1.0926529155582436,0.018357487922705314,855.0,-0.02775398209812663,-0.05518735395023803,0.2748792270531401,-0.14577074470790308,-0.681936240739329,-0.5361654960314259,-0.23893941049211076,0.10292626238791956,Corridor Diplomatic Disagreement (log min-max),-0.02973244368649876,-0.02527848435853164,0.26521739130434785,0.28502415458937197,-0.1538674688141977,-0.13601339428593665
rel_scaled_sci_2021_row_log_zscore,relational,5.0,2070,5751056.0,5751056.0,4031.615640049875,18769.000660384983,0.7022197458947057,0.7106013437786296,-0.7676777829491555,1.1714596996357227,1.162828010295495,0.04396135265700483,1552.0,-0.029391881628365056,-0.12536244868748977,0.30579710144927535,-0.23151228691772952,-0.7676777829491555,-0.5361654960314259,-0.642631190166973,0.2765267903089694,Corridor Social Connectedness (origin log-zscore),-0.034252049688273056,-0.025422208803981543,0.2966183574879227,0.3154589371980676,-0.25194907178993214,-0.2076067697860736
rel_diplo_disagreement_log_rank,relational,2.0,2070,5751056.0,5751056.0,4367.501344828613,22926.063848385693,0.5699740861246311,0.5831638265791967,-1.012430948739918,1.1440876514598761,1.194314494597045,0.04541062801932367,6165.0,-0.032024333912740066,-0.1568489329890395,0.34541062801932365,-0.47626545270849197,-1.012430948739918,-0.5361654960314259,-0.8445910024715632,0.41044496817058096,Corridor Diplomatic Disagreement (log rank),-0.039353438367296815,-0.02744210551068657,0.3352657004830918,0.3565217391304348,-0.5125951723797834,-0.44162604344376555
rel_scaled_sci_2021,relational,1.0,2070,5751056.0,5751056.0,4806.870857084301,21181.021701385114,0.5104758574863232,0.5431632511238197,-1.1110508311438956,1.2231520113302485,1.2510157761832832,0.08164251207729468,17543.0,-0.035912403184880204,-0.21355021457527754,0.3217391304347826,-0.5748853351124696,-1.1110508311438956,-0.5361654960314259,-1.0954376360479392,0.4356877112026629,Corridor Social Connectedness (min-max),-0.04490459479762407,-0.029256421499781915,0.3106280193236715,0.3318840579710145,-0.6280320616449458,-0.5265166225634935
abel_option_b_log_ratio_minmax,relational,2.0,2070,5751056.0,5751056.0,4200.697507436153,18111.269391898706,0.6412896232051574,0.6359427281889071,-0.8517160070054406,1.1132264203738667,1.1612036531976346,0.028985507246376812,3225.0,-0.03593171458457012,-0.1237380915896291,0.37342995169082127,-0.31555051097401465,-0.8517160070054406,-0.5361654960314259,-0.7256306048917612,0.39037949983314457,Corridor Migration Stock (log-ratio min-max),-0.042246552532722206,-0.027229245002409343,0.36376811594202896,0.38405797101449274,-0.34361877622187154,-0.28880339226704865
abel_option_b,relational,5.0,2070,5751056.0,5751056.0,4212.448107126666,18218.27101366106,0.63676446823909,0.6290764668989379,-0.8866210646334503,1.1290606161566163,1.174245236572209,0.03188405797101449,2933.0,-0.0399746715353666,-0.13677967496420365,0.36618357487922704,-0.3504555686020243,-0.8866210646334503,-0.5361654960314259,-0.793204347770996,0.40464256143460287,Corridor Migration Stock (log-ratio z-score),-0.04869450021871499,-0.032533607815475506,0.3560386473429952,0.37681159420289856,-0.381693251169557,-0.3189104417318352
rel_diplo_disagreement_log_minmax,relational,5.0,2070,5751056.0,5751056.0,4106.788019712445,18603.806100606267,0.6410539074695181,0.6516162502890133,-0.7891496265795306,1.099290678782455,1.1319510104151331,0.022705314009661835,1154.0,-0.04589653591702336,-0.09448544880712774,0.2429951690821256,-0.25298413054810465,-0.7891496265795306,-0.5361654960314259,-0.3818144688841306,0.14417294356213955,Corridor Diplomatic Disagreement (log min-max),-0.0524482395221664,-0.041321964431669245,0.23381642512077294,0.2536231884057971,-0.2667694597775149,-0.2391794892278742
rel_comrelig_log_rank,relational,2.0,2070,5751056.0,5751056.0,4282.867219563061,19848.48839646416,0.6056980365267687,0.5993217983631227,-0.990235725645426,1.151881566307461,1.1979395997932742,0.06666666666666667,5982.0,-0.05428307948546174,-0.1604740381852686,0.34444444444444444,-0.454070229614,-0.990235725645426,-0.5361654960314259,-0.880639086573539,0.44629297331569073,Corridor Common Religion (log rank),-0.06322592913325342,-0.044888191758393425,0.3347826086956522,0.35507246376811596,-0.4876875565634533,-0.4201310090164762
rel_diplo_disagreement,relational,8.0,2070,5751056.0,5751056.0,4056.874196081686,17915.4772313995,0.6495739952842627,0.6579897574052715,-0.7425913764080077,1.0921293966919363,1.1166810710605144,0.018357487922705314,1186.0,-0.05821881666864148,-0.07921550945250874,0.22657004830917873,-0.20642588037658172,-0.7425913764080077,-0.5361654960314259,-0.27429284512669855,0.11895955709738068,Corridor Diplomatic Disagreement (min-max),-0.06347418295647322,-0.05201124756059361,0.2178743961352657,0.23478260869565218,-0.21586592493789453,-0.19764113744655878
rel_comrelig,relational,1.0,2070,5751056.0,5751056.0,4488.122527011216,23897.220355867667,0.4405016373381729,0.39395314514760565,-1.172542284086044,1.1256977330068034,1.21428125926295,0.23043478260869565,939045.0,-0.061151821295423126,-0.17681569765494445,0.4067632850241546,-0.6363767880546181,-1.172542284086044,-0.5361654960314259,-1.4635670731521075,1.129295893238253,Corridor Common Religion (min-max),-0.07543633466286925,-0.04733765281504902,0.39509178743961354,0.41739130434782606,-0.7052580362362375,-0.5719505943710477
rel_scaled_sci_2021_log_rank,relational,2.0,2070,5751056.0,5751056.0,4158.627220705521,20389.752527021814,0.6755899700971132,0.6909384877968373,-0.9991532992880228,1.2266136222396242,1.2392027792085254,0.07342995169082125,3692.0,-0.061504643678149784,-0.20173721760052,0.27053140096618356,-0.46298780325659683,-0.9991532992880228,-0.5361654960314259,-0.8623599176580216,0.28569718508960434,Corridor Social Connectedness (log rank),-0.07513518109269614,-0.05038538642074096,0.2599033816425121,0.2811594202898551,-0.4978353977709619,-0.43386809089703765
rel_comrelig_log_minmax,relational,1.0,2070,5751056.0,5751056.0,4438.639029758075,23982.31229900706,0.438585604876734,0.39113410338454013,-1.2276815994225174,1.165087669976536,1.2349678996904896,0.23526570048309178,943288.0,-0.07175597143371343,-0.1975023380824841,0.3903381642512077,-0.6915161033910915,-1.2276815994225174,-0.5361654960314259,-1.4933357604825188,1.086060834079804,Corridor Common Religion (log min-max),-0.09030298175801166,-0.05858718360825432,0.38019323671497585,0.40193236714975844,-0.7552405418030733,-0.6278482802105865
rel_comrelig_row_log_zscore,relational,5.0,2070,5751056.0,5751056.0,4220.270405535342,19188.886028725105,0.5938461163417622,0.5659970208289424,-1.1738901188923214,1.1937166917776532,1.2517730258359268,0.09178743961352658,91565.0,-0.07649220554124786,-0.2143074642279214,0.32222222222222224,-0.6377246228608955,-1.1738901188923214,-0.5361654960314259,-0.808099643131769,0.3670781385664891,Corridor Common Religion (origin log-zscore),-0.08650099302558618,-0.06363763573399495,0.3115942028985507,0.3333333333333333,-0.6858645847151564,-0.5923574138802157
rel_diplo_disagreement,relational,5.0,2070,5751056.0,5751056.0,4126.58826642489,18664.67071930003,0.6401239128153031,0.6544754067133264,-0.8825680939290397,1.1378509274936235,1.1682904015959794,0.025603864734299518,1085.0,-0.0926957521215711,-0.13082483998797395,0.20628019323671498,-0.34640259789761374,-0.8825680939290397,-0.5361654960314259,-0.4274430198801611,0.1573264279599139,Corridor Diplomatic Disagreement (min-max),-0.09889370660078067,-0.0851140445846136,0.19710144927536233,0.21545893719806763,-0.36336361580436083,-0.33127681138988135
rel_diplo_disagreement_row_log_zscore,relational,2.0,2070,5751056.0,5751056.0,4525.693950618701,23197.48246739652,0.4631402732330667,0.40896565086768366,-1.8202507209560643,1.320309402312891,1.4276641231280713,0.23091787439613526,500544.0,-0.09728325157355455,-0.39019856152006577,0.26956521739130435,-1.2840852249246384,-1.8202507209560643,-0.5361654960314259,-1.4888883178470018,0.28124357184918664,Corridor Diplomatic Disagreement (origin log-zscore),-0.1077389788072497,-0.08460997483676702,0.2599033816425121,0.2792270531400966,-1.3511872882712765,-1.229120805456349
gdp_ferm,traditional,2.0,2070,5751056.0,5751056.0,4520.786821373826,20886.637467103752,0.5725483066872634,0.6058269808687156,-1.225288759259196,1.2559187845003517,1.2982374182727574,0.11884057971014493,8842.0,-0.10296299655142876,-0.26077185666475206,0.34057971014492755,-0.68912326322777,-1.225288759259196,-0.5361654960314259,-1.385753285063431,0.726592464087826,Node GDP per capita (log z-score),-0.12017356007683663,-0.09457434664653384,0.3303574879227053,0.3507246376811594,-0.7460521297149361,-0.6368488701685252
rel_scaled_sci_2021_log_minmax,relational,1.0,2070,5751056.0,5751056.0,4142.498696608463,23848.45672508965,0.6471460135360142,0.6481476498349115,-1.3558382529320774,1.335900884494421,1.357886324766112,0.19082125603864733,35656.0,-0.10918278891328015,-0.3204207631581066,0.20772946859903382,-0.8196727569006514,-1.3558382529320774,-0.5361654960314259,-1.20181788611422,0.19390126316858317,Corridor Social Connectedness (log min-max),-0.12239793082271078,-0.09711489802333492,0.19903381642512077,0.2169855072463768,-0.8699657857121006,-0.7645106766382784
rel_diplo_disagreement_log_minmax,relational,2.0,2070,5751056.0,5751056.0,4378.029681140035,22033.128555799616,0.5841014006231341,0.6057530585431109,-1.3313668515311057,1.255272505103306,1.3136214267768047,0.07342995169082125,12919.0,-0.146781480110732,-0.2761558651687993,0.18743961352657004,-0.7952013554996797,-1.3313668515311057,-0.5361654960314259,-0.9401729759830231,0.21250857379411314,Corridor Diplomatic Disagreement (log min-max),-0.16569486547953438,-0.13501081122828923,0.178743961352657,0.1961352657004831,-0.8292092230181382,-0.7590929663533638
gdp_ferm_log_minmax,traditional,1.0,2070,5751056.0,5751056.0,4637.28603416785,21787.48414820482,0.5302746418840923,0.5719570257003224,-1.5121540030466334,1.3218574086589014,1.3842192527184534,0.1642512077294686,27636.0,-0.15098227906671402,-0.3467536911104476,0.30144927536231886,-0.9759885070152075,-1.5121540030466334,-0.5361654960314259,-1.5257954491214325,0.6498129268522312,Node GDP per capita (log min-max),-0.1749053011746094,-0.13293075311187136,0.29178743961352654,0.3115942028985507,-1.0389775934868628,-0.9136926112830492
gdp_ferm_log_rank,traditional,1.0,2070,5751056.0,5751056.0,4667.6234159025435,22745.438946396578,0.50564264780085,0.5471519881988507,-1.6116017416622275,1.3222192947339193,1.404451683685122,0.19516908212560385,43866.0,-0.17810705615667055,-0.36698612207711634,0.28792270531400965,-1.0754362456308015,-1.6116017416622275,-0.5361654960314259,-1.5616131622127027,0.6887898015708952,Node GDP per capita (log rank),-0.19862835414947133,-0.1613841892181367,0.2768115942028985,0.2971014492753623,-1.1444695835952965,-1.0157222260959655
abel_option_b_log_ratio_rank,relational,2.0,2070,5751056.0,5751056.0,4398.67467684367,20196.80787954581,0.5956617912266914,0.5953453699802838,-1.4657119523800621,1.2911063505014273,1.3774797742335285,0.07294685990338164,22279.0,-0.18788411158466203,-0.340014212625523,0.23623188405797102,-0.9295464563486362,-1.4657119523800621,-0.5361654960314259,-1.2717578633698225,0.33885865221178463,Corridor Migration Stock (log-ratio rank),-0.20543283199435056,-0.16872992931278685,0.22705314009661837,0.24444444444444444,-0.989756565486238,-0.8819385401452599
rel_comrelig_log_rank,relational,1.0,2070,5751056.0,5751056.0,4525.696646379915,25603.12406205136,0.4822505635134658,0.46376898441781494,-1.7045400498055292,1.3285299802686834,1.4180873811121557,0.2318840579710145,421344.0,-0.19684431104015443,-0.38062181950415025,0.2492753623188406,-1.1683745537741033,-1.7045400498055292,-0.5361654960314259,-1.4698857428639045,0.4769541534333728,Corridor Common Religion (log rank),-0.21360505394509777,-0.17351453057200067,0.2400966183574879,0.25804830917874394,-1.2324372619568749,-1.1112339799092026
rel_diplo_disagreement_log_rank,relational,1.0,2070,5751056.0,5751056.0,4669.383052833938,26130.302306189584,0.3996452864426187,0.40222723491144946,-2.181723445635676,1.3802112417116061,1.5320109466347314,0.28599033816425123,647810.0,-0.2145682925453989,-0.49454538502672585,0.18792270531400967,-1.6455579496042503,-2.181723445635676,-0.5361654960314259,-1.6673225658547774,0.20390484918922241,Corridor Diplomatic Disagreement (log rank),-0.23333648812003568,-0.19615334894747272,0.17818357487922706,0.1961352657004831,-1.7171067693753876,-1.57638239729106
rel_diplo_disagreement,relational,2.0,2070,5751056.0,5751056.0,4459.070449656126,22106.303380691348,0.5858342693700153,0.6213228519478656,-1.523506643491808,1.3142630966257347,1.3858052656416868,0.09710144927536232,9421.0,-0.224865854250011,-0.3483397040336815,0.15072463768115943,-0.9873411474603822,-1.523506643491808,-0.5361654960314259,-1.033353211473122,0.10958774023654785,Corridor Diplomatic Disagreement (min-max),-0.24645338683620924,-0.20575895316106246,0.14251207729468598,0.15853140096618357,-1.0256616169033863,-0.9516968617386473
rel_comrelig_row_log_zscore,relational,2.0,2070,5751056.0,5751056.0,4587.302767658784,23539.26336439657,0.5071173695498034,0.43646407888035327,-2.140285973127447,1.4206337173317265,1.551916417532048,0.3714975845410628,779990.0,-0.2517961802473847,-0.5144508559240424,0.16376811594202897,-1.6041204770960211,-2.140285973127447,-0.5361654960314259,-1.5564159306703862,0.09394866564247804,Corridor Common Religion (origin log-zscore),-0.26795692600463605,-0.23516487852359125,0.15547826086956523,0.17205797101449274,-1.676295194104693,-1.5404109810696553
rel_scaled_sci_2021_log_rank,relational,1.0,2070,5751056.0,5751056.0,4650.008758864323,27291.695459093567,0.566237005305086,0.6227355008423361,-2.0557662398582357,1.474441074095508,1.5725459029992541,0.3468599033816425,62099.0,-0.2657835160354681,-0.5350803413912484,0.14251207729468598,-1.5196007438268098,-2.0557662398582357,-0.5361654960314259,-1.6535306316865355,0.003960330901997027,Corridor Social Connectedness (log rank),-0.29308764624495337,-0.2447163224831057,0.13478260869565217,0.1502415458937198,-1.5922724388822227,-1.456082510196355
abel_option_b_log_ratio_minmax,relational,1.0,2070,5751056.0,5751056.0,4536.395034830403,21614.884200295404,0.5585013433949584,0.5512604651184206,-1.9211032366701422,1.397969735834833,1.5142564310358124,0.15603864734299516,117157.0,-0.2856138057759609,-0.47679086942780674,0.1681159420289855,-1.3849377406387162,-1.9211032366701422,-0.5361654960314259,-1.521072756715312,0.2570151360748173,Corridor Migration Stock (log-ratio min-max),-0.31124302184160735,-0.26560224422555073,0.15942028985507245,0.17543961352657003,-1.458010973887334,-1.32958564838548
rel_scaled_sci_2021_row_log_zscore,relational,2.0,2070,5751056.0,5751056.0,4658.413565372588,26782.300473426214,0.5590662923911147,0.618795534819355,-2.143767933340716,1.5185139398778875,1.6050053698567683,0.4038647342995169,63928.0,-0.2869397299371885,-0.5675398082487628,0.13333333333333333,-1.6076024373092899,-2.143767933340716,-0.5361654960314259,-1.7047612547727011,0.001818621708566757,Corridor Social Connectedness (origin log-zscore),-0.3092578998796905,-0.2600124215992746,0.12560386473429952,0.14106280193236714,-1.6801632382606673,-1.5509752141787676
rel_diplo_disagreement_row_log_zscore,relational,1.0,2070,5751056.0,5751056.0,4721.213288708905,24977.80523630744,0.35973761157723705,0.27311945426128226,-2.8438138165635936,1.517923691636279,1.7151121318923521,0.47004830917874396,1749042.0,-0.3324718636161061,-0.6776465702843466,0.12318840579710146,-2.3076483205321674,-2.8438138165635936,-0.5361654960314259,-2.0644615799409,0.007254121341342001,Corridor Diplomatic Disagreement (origin log-zscore),-0.36560397626260444,-0.3092896200466483,0.11545893719806763,0.12954589371980674,-2.3874709368221674,-2.23441891100001
rel_diplo_disagreement_log_minmax,relational,1.0,2070,5751056.0,5751056.0,4755.481053962224,26774.458171825318,0.4506617394592011,0.4816787206426581,-2.385338966488988,1.4495605413554586,1.6168272115300182,0.28405797101449276,317164.0,-0.3399197247910838,-0.5793616499220128,0.12995169082125604,-1.849173470457562,-2.385338966488988,-0.5361654960314259,-1.700986791942191,0.014173697878425248,Corridor Diplomatic Disagreement (log min-max),-0.3724825869750841,-0.3154430087890574,0.12214492753623188,0.13671497584541062,-1.9194288064317904,-1.7893097164325
rel_comrelig_log_minmax,relational,0.5,2070,5751056.0,5751055.999999999,5270.513752007539,33016.678912161035,0.25068622292232695,0.20764322351333475,-2.695378246045343,1.4771212547196624,1.666767639367658,0.41497584541062804,1704013.0,-0.34157219598013727,-0.6293020777596525,0.2584541062801932,-2.159212750013917,-2.695378246045343,-0.5361654960314259,-2.1909533345145125,0.38542580106146107,Corridor Common Religion (log min-max),-0.3813112630767731,-0.31359705716934666,0.2497584541062802,0.26763285024154587,-2.245479321508646,-2.0691378190953054
rel_scaled_sci_2021_log_minmax,relational,0.5,2070,5751056.0,5751056.0,4496.704444410971,27913.529833830813,0.42042589760245147,0.42541746171000344,-2.8006483988587565,1.563092488705803,1.7350922313182586,0.6077294685990338,1109589.0,-0.36616382431188554,-0.6976266697102531,0.10821256038647344,-2.2644829028273303,-2.8006483988587565,-0.5361654960314259,-2.089998317297702,0.00034189461512167785,Corridor Social Connectedness (log min-max),-0.39627961599567424,-0.33092206914404,0.10193236714975845,0.11545893719806763,-2.3588822209367346,-2.1667726403733036
rel_comrelig,relational,0.5,2070,5751056.0,5751056.0,5299.67918776725,33393.56470046633,0.23303143814006308,0.184346081193325,-2.7508343788272343,1.4771212547196624,1.6815836146222611,0.4043478260869565,1997886.0,-0.3814188591425962,-0.6441180530142558,0.25120772946859904,-2.2146688827958085,-2.7508343788272343,-0.5361654960314259,-2.191736065692706,0.367547427282032,Corridor Common Religion (min-max),-0.40191973759021227,-0.33322477533940165,0.24202898550724639,0.2608695652173913,-2.300985105168781,-2.1404027247367297
rel_scaled_sci_2021,relational,0.5,2070,5751056.0,5751056.0,5100.202076185561,23983.96353646755,0.16511260948438158,0.2614864396078762,-3.285194453025338,1.5925414514942253,1.8187379857677701,0.5217391304347826,1332610.0,-0.39304144757937953,-0.7812724241597647,0.12657004830917876,-2.7490289569939117,-3.285194453025338,-0.5361654960314259,-2.384034430879438,0.0014189751809744178,Corridor Social Connectedness (min-max),-0.4337513466361717,-0.3730880609410732,0.11884057971014493,0.13429951690821257,-2.8662619301742533,-2.667506745681081
abel_option_b,relational,2.0,2070,5751056.0,5751056.0,4678.032494283709,24001.83055127361,0.4970775389348928,0.4573244873167688,-2.4708589193885,1.5185139398778875,1.665590424759298,0.3497584541062802,440884.0,-0.4034575692253734,-0.6281248631512925,0.11690821256038647,-1.9346934233570743,-2.4708589193885,-0.5361654960314259,-1.861482533530631,0.044277932118488204,Corridor Migration Stock (log-ratio z-score),-0.43270012477162023,-0.3781596766005415,0.1106280193236715,0.12415458937198068,-2.010626960287641,-1.850251331654416
rel_comrelig_log_rank,relational,0.5,2070,5751056.0,5751056.0,4926.267108306251,29480.57324547643,0.29515292619299205,0.2684014473006381,-2.8465726495082295,1.5440680443502757,1.7224767457726209,0.49227053140096616,1640817.0,-0.43330489067279976,-0.6850111841646155,0.14541062801932367,-2.3104071534768034,-2.8465726495082295,-0.5361654960314259,-2.1174514739004406,0.14184920217660282,Corridor Common Religion (log rank),-0.45359435656069946,-0.406599373271811,0.13768115942028986,0.15265700483091788,-2.3967275519833886,-2.219595295406067
rel_diplo_disagreement,relational,1.0,2070,5751056.0,5751056.0,4872.033629286599,28555.31666710491,0.4577133026371324,0.5037318644133069,-2.611246850871482,1.5179910565614732,1.6944420981347748,0.3178743961352657,345804.0,-0.440540726980309,-0.6569765365267692,0.10144927536231885,-2.075081354840056,-2.611246850871482,-0.5361654960314259,-1.84094244968279,5.897913059280564e-05,Corridor Diplomatic Disagreement (min-max),-0.4752775237191382,-0.4103218698372705,0.09565217391304348,0.10821256038647344,-2.138434767823817,-2.004994974023551
rel_scaled_sci_2021_row_log_zscore,relational,1.0,2070,5751056.0,5751056.0,5104.5475560907835,33109.98920282056,0.2647631977697376,0.24727434860232445,-3.4200958151245695,1.6155277380553685,1.8701894348375532,0.7497584541062802,1919391.0,-0.460015364390825,-0.8327238732295474,0.08743961352657005,-2.8839303190931433,-3.4200958151245695,-0.5361654960314259,-2.35264661905354,-0.0003333665022391833,Corridor Social Connectedness (origin log-zscore),-0.4964420928156785,-0.4186508981763791,0.08164251207729468,0.09371980676328502,-2.975758362180839,-2.7920657975372816
rel_scaled_sci_2021_log_rank,relational,0.5,2070,5751056.0,5751056.0,5084.659946226694,32844.401996784705,0.28665979911747275,0.3204778666967824,-3.347877847185732,1.6280559419398988,1.8643247881781244,0.7159420289855073,1560508.0,-0.47901204584818946,-0.826859226570119,0.0782608695652174,-2.8117123511543056,-3.347877847185732,-0.5361654960314259,-2.2795454670485795,-0.0006191736957957849,Corridor Social Connectedness (log rank),-0.5142658779065542,-0.440983894090913,0.07238647342995169,0.08405797101449275,-2.901658780483992,-2.7207550332755805
rel_scaled_sci_2021_row_log_zscore,relational,0.5,2070,5751056.0,5751056.0,5133.939584212715,33385.157693002504,0.15085992715785826,0.02519552252640039,-3.7870421024639107,1.6434526764861874,1.933082548588874,0.8347826086956521,4962264.0,-0.5026532200662424,-0.8956169869808687,0.07971014492753623,-3.2508766064324846,-3.7870421024639107,-0.5361654960314259,-2.5364065528633404,-0.0005143174323801981,Corridor Social Connectedness (origin log-zscore),-0.541680501759454,-0.46474580111400876,0.07391304347826087,0.08550724637681159,-3.360021787991846,-3.1622765650862603
rel_diplo_disagreement_log_rank,relational,0.5,2070,5751056.0,5751056.0,4923.8265605479655,31197.596814527853,0.2698936511571619,0.17173081725918896,-3.3498398062881183,1.599775542007035,1.8451357296398612,0.6584541062801932,3259380.0,-0.5107256301663315,-0.8076701680318555,0.0966183574879227,-2.813674310256692,-3.3498398062881183,-0.5361654960314259,-2.2652613156566455,-0.0002741214597667851,Corridor Diplomatic Disagreement (log rank),-0.5485126504853611,-0.46449238894570866,0.08985507246376812,0.10338164251207729,-2.907362228250571,-2.7255922787278903
gdp_ferm_log_rank,traditional,0.5,2070,5751056.0,5751056.0,5127.709500281006,30853.928226989447,0.23520513006221838,0.2365062758361172,-3.3363032355383675,1.568201724066995,1.8280400868614788,0.6545893719806763,3232904.0,-0.5245713921277486,-0.7905745252534734,0.1285024154589372,-2.8001377395069413,-3.3363032355383675,-0.5361654960314259,-2.389696192383683,0.17572027833177195,Node GDP per capita (log rank),-0.5517805451084961,-0.4842032886565042,0.12077294685990338,0.1357487922705314,-2.896600638582014,-2.724725337713573
gdp_ferm,traditional,1.0,2070,5751056.0,5751056.0,5069.171979053395,28261.287321273416,0.25554661588508215,0.30642771483203424,-3.208749398785133,1.568201724066995,1.8065834896640052,0.5922705314009662,1691669.0,-0.5254574664064537,-0.7691179280559997,0.13043478260869565,-2.672583902753707,-3.208749398785133,-0.5361654960314259,-2.2916617750370696,0.1594316844864907,Node GDP per capita (log z-score),-0.5607366395283964,-0.4880151935617656,0.12367149758454106,0.13768115942028986,-2.7654320640092394,-2.5860117026608562
abel_option_b_log_ratio_rank,relational,1.0,2070,5751056.0,5751056.0,4853.449770465779,28534.703457064585,0.4369967356750599,0.42500510030213035,-2.9084355290519315,1.5797835966168101,1.782040086317943,0.4671497584541063,897109.0,-0.5277998919793006,-0.7445745247099377,0.08357487922705314,-2.3722700330205058,-2.9084355290519315,-0.5361654960314259,-2.0142509274823066,-0.0009260998623304306,Corridor Migration Stock (log-ratio rank),-0.5577928274328862,-0.4927199891997563,0.07681159420289856,0.08888888888888889,-2.460456006708612,-2.2863220581995374
rel_comrelig_row_log_zscore,relational,1.0,2070,5751056.0,5751056.0,4891.761183499463,31557.242595834465,0.40611203606397756,0.3360422140704058,-3.0657868577448495,1.5983514860683425,1.8136030288293794,0.6014492753623188,2068406.0,-0.5477151442816675,-0.776137467221374,0.08019323671497584,-2.5296213617134233,-3.0657868577448495,-0.5361654960314259,-2.146484917177066,-0.0007288342165717263,Corridor Common Religion (origin log-zscore),-0.5721105257518899,-0.512339412592784,0.07391304347826087,0.08647342995169083,-2.619648804422136,-2.4406300511449834
gdp_ferm_log_minmax,traditional,0.5,2070,5751056.0,5751056.0,5092.674742868251,29252.8823471629,0.22887005126679694,0.25626564311997013,-3.373266189696322,1.5910646070264993,1.8424866085547034,0.6526570048309178,3116744.0,-0.561777983354672,-0.8050210469466977,0.11932367149758454,-2.8371006936648957,-3.373266189696322,-0.5361654960314259,-2.3818845622757694,0.11317100299506438,Node GDP per capita (log min-max),-0.5942611197286665,-0.5264345221381068,0.11207729468599034,0.12568115942028985,-2.9291195918374804,-2.75727138772576
rel_diplo_disagreement_log_minmax,relational,0.5,2070,5751056.0,5751056.0,5047.702818169076,32134.08109850163,0.2532538207674012,0.21519129542712262,-3.5776247563439396,1.6385685935523995,1.9099091538075554,0.7009661835748793,2877677.0,-0.5714094502337823,-0.8724435921995499,0.07729468599033816,-3.0414592603125135,-3.5776247563439396,-0.5361654960314259,-2.403236053619896,-0.00098074359071909,Corridor Diplomatic Disagreement (log min-max),-0.5932369116979205,-0.5338999722883089,0.07149758454106281,0.08309178743961353,-3.142642441106649,-2.955764101211435
abel_option_b_log_ratio_minmax,relational,0.5,2070,5751056.0,5751056.0,4947.535113833972,30503.55896391007,0.38250290113094876,0.3973005766574103,-3.253068126769117,1.6334684555795866,1.8622440764635415,0.6420289855072464,1573583.0,-0.590220924430163,-0.824778514855536,0.052657004830917876,-2.7169026307376907,-3.253068126769117,-0.5361654960314259,-2.1998630083171165,-0.0032605509703805134,Corridor Migration Stock (log-ratio min-max),-0.6157820374252405,-0.5635796697068596,0.04823188405797101,0.057971014492753624,-2.805869899170159,-2.626903423109479
rel_diplo_disagreement_row_log_zscore,relational,0.5,2070,5751056.0,5751056.0,4888.056690676998,29599.75952972614,0.2708133655789884,0.17185238146497658,-3.6325534581241197,1.6532125137753437,1.9275369492383363,0.7657004830917874,3582597.0,-0.5910409323434754,-0.8900713876303308,0.0647342995169082,-3.0963879620926935,-3.6325534581241197,-0.5361654960314259,-2.3727390489459625,-0.0017327587859546044,Corridor Diplomatic Disagreement (origin log-zscore),-0.6242903686429517,-0.5694752285225342,0.05893719806763285,0.07004830917874397,-3.195830424195325,-3.012430663951036
rel_diplo_disagreement,relational,0.5,2070,5751056.0,5751056.0,5087.650963245059,33065.607230519636,0.24873843971659043,0.22823367072139525,-3.7373911552167245,1.6812412373755872,1.955826556765547,0.7584541062801933,3318379.0,-0.6243824218580544,-0.9183609951575414,0.06231884057971015,-3.2012256591852983,-3.7373911552167245,-0.5361654960314259,-2.503325740174734,-0.0019096614843191122,Corridor Diplomatic Disagreement (min-max),-0.6531905836440774,-0.59705168490252,0.05652173913043478,0.06763285024154589,-3.2921059798000822,-3.116847863863812
gdp_ferm,traditional,0.5,2070,5751056.0,5751056.0,5187.635484374631,31991.37614458242,0.16789315262750923,0.13705222791658223,-3.829181115091532,1.6532125137753437,1.9583992033097886,0.8526570048309179,4922028.0,-0.6461891021395867,-0.920933641701783,0.07681159420289856,-3.293015619060106,-3.829181115091532,-0.5361654960314259,-2.5342855857464723,-0.0016629128416347644,Node GDP per capita (log z-score),-0.6725121801311331,-0.6153994408856723,0.07101449275362319,0.08309178743961353,-3.3889758502417497,-3.1913156234981326
abel_option_b,relational,1.0,2070,5751056.0,5751056.0,5057.053202584068,32267.218624046636,0.3096298812264931,0.3346694865384574,-3.591213294403995,1.662757831681574,1.9353408766246791,0.7734299516908213,2467104.0,-0.6477006530777807,-0.8978753150166736,0.042028985507246375,-3.055047798372569,-3.591213294403995,-0.5361654960314259,-2.3327448739217043,-0.0049679237178662265,Corridor Migration Stock (log-ratio z-score),-0.6722622181342298,-0.6248760099911217,0.03768115942028986,0.04685990338164251,-3.157859935106319,-2.974126950163196
rel_comrelig_row_log_zscore,relational,0.5,2070,5751056.0,5751056.0,4955.141982109733,32562.76029788802,0.2321536937503707,0.16721777628892334,-3.885355129853072,1.7160033436347992,1.9914172000850825,0.8623188405797102,4029856.0,-0.6675257345047483,-0.9539516384770766,0.05217391304347826,-3.349189633821646,-3.885355129853072,-0.5361654960314259,-2.526747120142116,-0.0030073728188871832,Corridor Common Religion (origin log-zscore),-0.7122382481314227,-0.6433806736625249,0.04685990338164251,0.057004830917874394,-3.464181999062927,-3.2515655569297546
abel_option_b_log_ratio_rank,relational,0.5,2070,5751056.0,5751056.0,5157.0084187265975,33339.419800596406,0.2444089909759131,0.29071930882006375,-3.860297785164688,1.7160033436347992,1.9947413283371238,0.8391304347826087,3169861.0,-0.691147289145321,-0.9572757667291186,0.02995169082125604,-3.324132289133262,-3.860297785164688,-0.5361654960314259,-2.508413273859836,-0.007358769617451425,Corridor Migration Stock (log-ratio rank),-0.7294330117942607,-0.6542505525097003,0.026570048309178744,0.033816425120772944,-3.4205547338791327,-3.22944958412098
abel_option_b,relational,0.5,2070,5751056.0,5751056.0,5202.961392541702,33652.326612013836,0.19107017673397905,0.21169809413757917,-4.064205741934555,1.7403626894942439,2.0360602800653234,0.9309178743961353,4865525.0,-0.7193180522166508,-0.9985947184573176,0.021739130434782608,-3.528040245903129,-4.064205741934555,-0.5361654960314259,-2.580087124655352,-0.009247663017599462,Corridor Migration Stock (log-ratio z-score),-0.7497241647086335,-0.6779029418709498,0.01884057971014493,0.025120772946859903,-3.6212376172535077,-3.4323109189913534
